id	n_ssm	loc
1	235	0.9421840474295885
2	265	0.6747533409067114
