id	n_ssm	loc
1	89	0.8670522819025522
2	96	0.6706660893271462
3	316	0.5950062737819025
