cluster_index	num_SNV	cellular_prevalence
0	1062	0.9975131826742
1	669	0.840515695067265
2	669	0.718828101644245
3	582	0.558
