id	n_ssm	loc
1	157	0.14732511160893091
2	2826	0.8516842569865484
