id	n_ssm	loc
<<<<<<< HEAD
<<<<<<< HEAD
1	10000	0.7982985405278928
=======
1	157	0.14732511160893091
2	2826	0.8516842569865484
>>>>>>> 0deecbe0cfefa5af09b4a568f992ccadefbc0301
=======
1	157	0.14732511160893091
2	2826	0.8516842569865484
>>>>>>> b56aa614b7bc9492389f4b320805508d167fc58d
